,description,headline,url,provider,date
0,"<b>Toyota</b> rolled out the new four-door Corolla at the massive Ghangzhou motor show, and it will arrive (for viewing) in Ireland next month, before going on sale in <b>February</b>. As with the recently-revealed Corolla hatch and estate, the saloon gets quite sharp ...",<b>Toyota</b> Corolla hybrid saloon revealed in China,https://www.completecar.ie/car-news/article/8682/Toyota-Corolla-hybrid-saloon-revealed-in-China,Complete Car,2018-11-17T23:11:00.0000000Z
1,"Below are the exclusive details: - WWE Elimination Chamber will take place in Houston, TX on <b>February</b> 17th at The <b>Toyota</b> Center - WWE Fast Lane will take place in Cleveland, OH on March 10th at The Quickens Loans Arena This year&#39;s WWE Tribute To The Troops ...",Exclusive Details on Next Year&#39;s Fast Lane &amp; Elimination Chamber,https://allwrestling.com/news/120809/exclusive-details-next-year-fast/,All Wrestling,2018-11-17T13:43:00.0000000Z
2,"A second Castrol <b>Toyota</b> Racing Series championship should see the youngster ... concluding with the New Zealand Grand Prix meeting at Manfeild Circuit Chris Amon in <b>February</b>, one of only two races outside of F1 officially recognised by the FIA as an ...",Das a likely challenger in Castrol <b>Toyota</b> Racing Series,https://motorsportsnewswire.com/2018/11/15/das-castrol-toyota-racing-series/,motorsportsnewswire.com,2018-11-15T19:59:00.0000000Z
3,"<b>Toyota</b> Ireland has recalled thousands of vehicles due to a ... The final recall is for Avensis, Corolla, Avensis Verso, Yaris and SC430 models manufactured between <b>February</b> 2001 and April 2006 — there are 6,577 affected vehicles on the Irish market ...","<b>Toyota</b> Ireland recall nearly 40,000 cars due to safety risks",https://www.msn.com/en-ie/news/other/toyota-ireland-recall-nearly-40000-cars-due-to-safety-risks/ar-BBPKBSh,Extra.ie,2018-11-15T19:04:00.0000000Z
4,"The Castrol <b>Toyota</b> Racing Series is run in identical <b>Toyota</b> powered ... concluding with the New Zealand Grand Prix meeting at Manfeild Circuit Chris Amon in <b>February</b>, one of only two races outside of F1 officially recognised by the FIA as a Grand Prix.",Young US racer Locke’s in New Zealand campaign,https://motorsportsnewswire.com/2018/11/13/lockes-castrol-toyota-racing-series/,motorsportsnewswire.com,2018-11-13T22:15:00.0000000Z
5,The band also added <b>February</b> and March 2019 tour dates. Galactic will release a new studio album entitled ‘Already Ready Already’ in <b>February</b> and will support the LP with an early-2019 tour. JamBase and CID Presents are teaming up to give away a trip ...,“Weird Al” Yankovic at Town <b>Toyota</b> Center,https://www.jambase.com/show/weird-al-yankovic-town-toyota-center-20190813,JamBase,2018-11-13T18:21:00.0000000Z
6,"Since launching in 1967, the <b>Toyota</b> Corolla has witnessed plenty – the civil rights ... Let’s count ’em. It wasn’t until the <b>February</b> 1973 issue that the second-gen KE20 finally outgunned its rivals (the Ford Escort, Mazda 1300 and Datsun 1200).",<b>Toyota</b> Corolla vs Hyundai i30 vs Mazda 3 vs Honda Civic comparison review,https://www.msn.com/en-nz/motoring/research/toyota-corolla-vs-hyundai-i30-vs-mazda-3-vs-honda-civic-comparison-review/ar-BBPnMfb?li=BBqd5YO,Wheels Magazine,2018-11-06T14:18:00.0000000Z
7,"Seated next to the GR Supra Racing Concept was one new car guaranteed to see racing duty here at home: the NASCAR Xfinity Series <b>Toyota</b> Supra. Set to make its competition debut at the Daytona 500 on <b>February</b> 16th, 2019, where it will replace the venerable ...",<b>Toyota</b> and Lexus at SEMA 2018 #MTSEMA18,http://www.superstreetonline.com/event-coverage/1811-toyota-and-lexus-at-sema-2018-mtsema18/,SuperStreetOnline,2018-11-09T01:30:00.0000000Z
8,"<b>Toyota</b> City, Japan, Mar 29, 2018 - (JCN Newswire) - <b>Toyota</b> Motor Corporation (TMC) announces its production, domestic sales, and export results for <b>February</b> 2018, including those for subsidiaries Daihatsu Motor Co., Ltd. and Hino Motors, Ltd. - Lexus ...",<b>Toyota</b> Announces Results for <b>February</b> 2018,http://www.acnnewswire.com/Article.Asp?Art_ID=42489,ACN Newswire,2018-11-08T00:00:00.0000000Z
9,"<b>Toyota</b> Motor Co. (TM) posted slightly weaker-than-expected ... The letter was sent after the Journal reported earlier Monday that Under Armour had told employees in an email in <b>February</b> that it would no longer reimburse certain expenses, including adult ...","Midterms, Amazon, <b>Toyota</b> and Under Armour - 5 Things You Must Know",https://www.thestreet.com/markets/5-things-you-must-know-before-the-market-opens-tuesday-14768384,TheStreet.com,2018-11-06T10:38:00.0000000Z
10,"This is the third time <b>Toyota</b> has tried to fix this defect since <b>February</b> 2014, when it recalled 698,457 Prius models from 2010–2014 for ECUs with faulty transistors that could disable the electric motor or inverter. <b>Toyota</b> then updated the software.","<b>Toyota</b> Recalls 975,000 Cars for Stalling and Airbag Defects",https://www.yahoo.com/news/toyota-recalls-975-000-cars-140100558.html,YAHOO!,2018-10-11T18:09:00.0000000Z
11,"- Lexus vehicle sales totaled 6,172 units (68.1 percent increase) - Minivehicle sales totaled 3,081 units (24.0 percent increase) - 45.6 percent share of market excluding minivehicles (2.1 percentage point decrease) - 29.2 percent share of market including ...",<b>Toyota</b> Announces Results for <b>February</b> 2018,http://www.jcnnewswire.com/pressrelease/42489/3/Toyota-Announces-Results-for-February-2018,jcnnewswire.com,2018-03-29T08:01:00.0000000Z
12,"As announced by <b>Toyota</b> Motor Europe on 28 <b>February</b>, <b>Toyota</b> Manufacturing UK’s Burnaston plant will be the exclusive centre for European new Auris production, with TMUK’s Deeside factory supplying the majority of engines for the model. This announcement ...",2019 <b>Toyota</b> Auris,https://www.topspeed.com/cars/toyota/2019-toyota-auris-ar180335.html,Top Speed,2018-03-21T14:05:00.0000000Z
13,"The fluctuation in the car market is constant. But, ever since the launch of Honda BR-V, the car has been a successful sold throughout. Recently, according to the sales and production data published by Pakistan Automotive Manufacturers Association (PAMA ...",Honda BR-V outran <b>Toyota</b> Fortuner in the sales with 601 units in <b>February</b>,https://www.pakwheels.com/blog/car-bike-sales-february-2018/,PakWheels,2018-03-16T13:32:00.0000000Z
14,"<b>Toyota</b> Motor North America reported <b>February</b> 2018 U.S. sales of 182,195 vehicles, an increase of 4.5 percent from <b>February</b> 2017 on a volume basis. With the same amount of selling days in <b>February</b> 2018 compared to <b>February</b> 2017, sales were up 4.5 percent on ...",<b>Toyota</b>’s <b>February</b> U.S. Sales up Nearly 5 Percent,http://www.bodyshopbusiness.com/toyotas-february-u-s-sales-up-nearly-5-percent/,Bodyshopbusiness.com,2018-03-12T19:09:00.0000000Z
15,"<b>Toyota</b> Motor North America (TMNA) reported <b>February</b> 2018 sales of 182,195 vehicles, an increase of 4.5 percent from <b>February</b> 2017 on a volume basis. With the same amount of selling days in <b>February</b> 2018 compared to <b>February</b> 2017, sales were up 4.5 percent ...",<b>Toyota</b> Motor North America reports <b>February</b> 2018 sales,https://steelguru.com/auto/toyota-motor-north-america-reports-february-2018-sales/503865,Steel News,2018-03-06T10:08:00.0000000Z
16,"With just one automaker reporting an annual increase in <b>February</b> sales, 2018 is looking bleaker for the auto industry. But that’s not unexpected. “This year is going to be a bitter but necessary pill for the auto industry to swallow,” Jessica ...","<b>Toyota Posts February Sales Increases</b>, GM, Ford, FCA Fall Short",https://finance.yahoo.com/news/toyota-posts-february-sales-increases-201438596.html,Yahoo Finance,2018-03-01T23:21:00.0000000Z
17,"With just one automaker reporting an annual increase in <b>February</b> sales, 2018 is looking bleaker for the ... With best-ever sales in light trucks and Lexus luxury utility vehicles, <b>Toyota</b> North America grew sales 4.5 percent year-over-year against Cox ...","<b>Toyota</b> <b>Posts February Sales Increases, GM</b>, Ford, FCA Fall Short",https://www.benzinga.com/trading-ideas/long-ideas/18/03/11289409/toyota-posts-february-sales-increases-gm-ford-fca-fall-short,benzinga.com,2018-03-01T20:47:00.0000000Z
18,"DALLAS -- <b>Toyota</b> Motor Sales U.S.A. reported a 4.5 percent increase in <b>February</b> sales compared with last year, marking two <b>straight</b> months of gains at both the <b>Toyota</b> and Lexus divisions on record demand for light trucks. Brands: <b>Toyota</b> up 4.4% ...",<b>TOYOTA</b>: Truck sales power 2nd <b>straight</b> gain,http://www.autonews.com/article/20180301/RETAIL01/180309767/toyota-february-us-sales,Automotive News,2018-03-01T18:33:00.0000000Z
19,"Despite declines at other automakers, <b>Toyota</b>’s U.S. sales rose 4.5% on a daily-selling-rate and volume basis in <b>February</b>, Wards Intelligence data shows. There were the same number of selling days, 24, both this year and last. The No.1 Japanese automaker ...","<b>Toyota</b> Climbs 4.5% in <b>February</b>, Honda and Nissan Fall",https://www.wardsauto.com/industry/toyota-climbs-45-february-honda-and-nissan-fall,WardsAuto,2018-03-01T17:58:00.0000000Z
20,"PLANO, Texas, March 1, 2018 /PRNewswire/ -- <b>Toyota</b> Motor North America (TMNA) today reported <b>February</b> 2018 sales of 182,195 vehicles, an increase of 4.5 percent from <b>February</b> 2017 on a volume basis. With the same amount of selling days in <b>February</b> 2018 ...",<b>Toyota</b> Motor North America Reports <b>February</b> 2018 Sales,https://www.marketwatch.com/press-release/toyota-motor-north-america-reports-february-2018-sales-2018-03-01,MarketWatch,2018-03-01T15:54:00.0000000Z
21,"PLANO, Texas (March 1, 2018) – <b>Toyota</b> Motor North America (TMNA) today reported <b>February</b> 2018 sales of 182,195 vehicles, an increase of 4.5 percent from <b>February</b> 2017 on a volume basis. With the same amount of selling days in <b>February</b> 2018 compared to ...",<b>Toyota</b> <b>Motor North America Reports February 2018</b> Sales,http://corporatenews.pressroom.toyota.com/releases/toyota+lexus+february+2018+sales.htm,corporatenews.pressroom.toyota.com,2018-03-01T15:50:00.0000000Z
22,"(RTTNews) - <b>Toyota</b> Motor North America reported <b>February</b> 2018 sales of 182,195 vehicles, an increase of 4.5 percent from 174,339 units in 2017. <b>Toyota</b> division posted sales of 162,930 units, up 4.4 percent from 156,001 last yea. Lexus posted sales of ...",<b>Toyota February</b> US Sales Up 4.5%,https://markets.businessinsider.com/news/stocks/toyota-february-us-sales-up-4-5-1017599737,Markets Insider,2018-03-01T13:57:00.0000000Z
23,"* <b>TOYOTA</b> MOTOR NORTH AMERICA - REPORTED <b>FEBRUARY</b> 2018 SALES OF 182,195 VEHICLES, AN INCREASE OF 4.5 PERCENT FROM <b>FEBRUARY</b> 2017 ON A VOLUME BASIS Source text for Eikon: Further company coverage: Our Standards:The Thomson Reuters Trust Principles.",BRIEF-<b>Toyota</b> <b>Motor North America Reports February 2018 Sales</b>,https://uk.reuters.com/article/brief-toyota-motor-north-america-reports/brief-toyota-motor-north-america-reports-february-2018-sales-idUKASB0C8E0,Reuters,2018-03-01T00:00:00.0000000Z
24,"Japanese automobile giant <b>Toyota</b> Kirloskar Motor on Wednesday reported a 3 percent increase in domestic sales at 11,864 units in <b>February</b>. Japanese automobile giant <b>Toyota</b> Kirloskar Motor on Wednesday reported a 3 percent increase in domestic sales at ...","<b>Toyota Kirloskar posts 3% rise in</b> <b>February</b> sales to 11,864 units",https://www.moneycontrol.com/news/technology/toyota-kirloskar-posts-3-rise-in-february-sales-to-11864-units-2518457.html,moneycontrol.com,2018-02-28T20:29:00.0000000Z
25,"What is Billion <b>Toyota</b>’s Family Fun <b>February</b> Event? A fun event for kids of all ages! Join us Sunday, <b>February</b> 25th from 1pm to 5pm in our brand new Service Center at 4101 West 12th Street. Enjoy complimentary food, inflatables, music by Phil Baker, face ...",Billion <b>Toyota</b>&#39;s <b>Family Fun February Event - Sioux Falls</b>,https://www.southdakotamagazine.com/event?eventTitle=billion-toyota-s-family-fun-february-event-sioux-falls--1518651231--5181,South Dakota Magazine,2018-02-25T13:00:00.0000000Z
26,"... resistant magnet developed by <b>Toyota</b> Key element of the foundation required to popularize electrified vehicles <b>Toyota</b> City, Japan, <b>February</b> 20, 2018―<b>Toyota</b> Motor Corporation (<b>Toyota</b>) announces that it has developed the world&#39;s first *1 neodymium ...",<b>Toyota</b> Develops New Magnet for Electric Motors Aiming to Reduce Use of Critical Rare-Earth Element by up to 50%,https://newsroom.toyota.co.jp/en/corporate/21139684.html,newsroom.toyota.co.jp,2018-02-20T08:38:00.0000000Z
27,"The DRIVER of any <b>TOYOTA</b> who comes to Mt Spokane on Friday, <b>February</b> 16 will receive a FREE lift ticket VALID FOR THAT DAY ONLY. No vouchers or passes are required. Just drive your <b>Toyota</b> to the mountain on that day. <b>Toyota</b> representatives will be in the ...",<b>Toyota Ski Free Day at Mt Spokane</b>,https://www.eventsinusa.net/event-toyota-ski-free-day-at-mt-spokane-mead-13639844,Events,2018-02-16T00:00:00.0000000Z
28,"<b>Toyota</b> will launch the Yaris facelift in Indonesia next week, with the event set to happen on <b>February</b> 20 in Jakarta. Kompas reports that the refreshed hatchback has been rolling out from <b>Toyota</b> Motor Manufacturing Indonesia’s Karawang factory since ...",<b>Toyota</b> <b>Yaris facelift launching in Indonesia next</b> week,https://paultan.org/2018/02/14/toyota-yaris-facelift-launching-in-indonesia-next-week/,Paul Tan,2018-02-14T08:27:00.0000000Z
29,<b>Toyota</b> Motors (NYSE:TM) is likely to report its Q3 2018 (Apr-Mar fiscal year) results on <b>February</b> 5 th 2018. We expect the decline in the company’s operating income to continue in this quarter as it faces a tough industry environment and a slowdown in Japan.,<b>Toyota Motors Q3 2018 Earnings Preview</b>,https://www.trefis.com/stock/tm/articles/431097/toyota-motors-q3-2018-earnings-preview/2018-02-01,Trefis,2018-02-01T16:54:00.0000000Z
30,"Amid <b>Toyota</b>’s <b>February</b> 2017 debut of the slightly updated 2018 Tundra pickup, the brand buried its plot to end production of the Tundra regular cab. The once-popular cab style has faded from glory as customers choose pickups versions with more interior room.",<b>Toyota Quietly Kills Regular Cab Tundra</b> for 2018,https://www.topspeed.com/cars/car-news/toyota-quietly-kills-regular-cab-tundra-for-2018-ar176868.html,Top Speed,2017-06-21T21:06:00.0000000Z
31,<b>Toyota</b> Kirloskar Motors has registered a 12% increase in sales in <b>February</b> 2017. The new Fortuner saw sales to the extent of 2027 units in <b>February</b> 2017 making it the first time it has reached such a record since it was launched in India in 2009.,Mahindra and <b>Toyota</b> <b>India car sales report – February 2017</b>,https://www.rushlane.com/mahindra-toyota-india-car-sales-feb-2017-12235186.html,Rushlane.com,2017-03-02T00:00:00.0000000Z
32,It’s happy sales days for all full-size pickup truck manufacturers in <b>February</b> 2017 with the exception of the <b>Toyota</b>. The Tundra continues to decline in sales this calendar year. The truck declined -12.9% in <b>February</b> versus a year ago. Less than a month ...,Can the <b>Toyota</b> Tundra Recover from the <b>Sales Decline? February 2017 Fullsize Pickup</b> Truck Sales Report,https://www.tfltruck.com/2017/03/truck-sales-february-2017/,The Fast Lane Truck,2017-03-01T23:05:00.0000000Z
33,"<b>Toyota</b> U.S. deliveries fell 7.2% in <b>February</b> to 174,339 on a volume and daily-selling-rate basis, as losses due to declining fleet sales impacted its overall performance, a top official says. “We’ve got 8,000-10,000 less fleet,” Bill Fay, group vice ...",<b>Toyota</b> Makes Exec Changes as <b>February</b> Sales Fall,https://www.wardsauto.com/industry/toyota-makes-exec-changes-february-sales-fall,WardsAuto,2017-03-01T18:24:00.0000000Z
34,"U.S. auto sales were expected to cool off slightly <b>in February</b>, according to most analysts. Edmunds.com forecasted a 1% decline, Kelley Blue Book projected a 3.3% decrease and TrueCar subsidiary ALG predicted a 1.4% decline. LMC Automotive projected a 0.6% ...","Nissan, Honda sales up <b>in February</b>; <b>Toyota</b> down",https://www.usatoday.com/story/money/cars/2017/03/01/nissan-toyota-volkswagen-honda-us-auto-sales-february-2017/98574370/,USA Today,2017-03-01T15:06:00.0000000Z
35,"Also Read: New-generation <b>Toyota</b> Prius Hybrid launched; price in <b>India</b> INR 38.96 lakh Renault, however, saw a more robust growth of 26.8 percent in the month, ending <b>February</b> 2017 with 11,198 units sold. In the same month in 2016, the company reported ...","Ford records 38 <b>percent sales growth in February</b>, ahead of <b>Toyota</b> &amp; Renault",http://www.india.com/auto/car-news/ford-records-38-percent-sales-growth-in-february-ahead-of-toyota-renault-33232/,India.com,2017-03-01T12:29:00.0000000Z
36,"In the month of <b>February</b> 2017, <b>Toyota</b> Kirloskar Motor registered 12% growth in its domestic sales when compared to its sale in <b>February</b> 2016. TKM sold a total of 11,543 units in the domestic market and exported 570 units of the Etios series in <b>February</b> 2017.",<b>Toyota registers 12% growth in February</b> 2017,https://blog.gaadikey.com/toyota-registers-12-growth-in-february-2017/,blog.gaadikey.com,2017-03-01T10:53:00.0000000Z
37,"<b>Toyota</b> Motor North America (TMNA), Inc., today reported its US <b>February</b> 2017 sales of 174,339 vehicles, a decrease of 7.2 percent from <b>February</b> 2016 on a volume basis. With the same number of selling days in <b>February</b> 2017 compared to <b>February</b> 2016, sales ...",<b>Toyota North America reports February 2017 sales</b>,https://www.automotiveworld.com/news-releases/toyota-north-america-reports-february-2017-sales/,Automotive World,2017-03-01T00:00:00.0000000Z
38,"(TORONTO, ON – <b>FEBRUARY</b> 16, 2017) Discover what drives you forward, in the <b>Toyota</b> exhibit at the <b>Canadian International Auto Show – February</b> 17-26, 2017 at the Metro Toronto Convention Centre. “<b>Toyota</b>’s vision is shaped by a desire to constantly ...","The 2018 <b>Toyota</b> Camry and Camry Hybrid make their Canadian debut at the <b>Canadian International Auto Show – February</b> 17-26, 2017",http://media.toyota.ca/releases/the-2018-toyota-camry-and-camry-hybrid-make-their-canadian-debut-at-the-canadian-international-auto-show-february-17-26-2017,media.toyota.ca,2017-02-16T00:00:00.0000000Z
39,"<b>Toyota</b> Australia has confirmed the 2017 model year update for the Kluger will arrive locally next month, bringing more power and efficiency to the popular seven-seat SUV. Firstly, the likeable ‘2GR-FKS’ 3.5-litre naturally aspirated V6 is getting ...","2017 <b>Toyota</b> Kluger on sale in Australia in <b>February</b>, more power &amp; 8spd auto",https://performancedrive.com.au/2017-toyota-kluger-sale-australia-february-power-8spd-auto-1921/,PerformanceDrive,2017-01-19T10:24:00.0000000Z
40,"<b>Toyota</b> is starting from scratch in the hot-selling compact SUV segment, so there’s a lot riding on the all-new C-HR which has been confirmed for local launch next <b>February</b>. Featuring edgy styling and an 85kW/185Nm turbocharged 1.2-litre engine, the all ...",<b>February Arrival For Toyota C</b>-HR,https://www.themotorreport.com.au/car-article/february-arrival-for-toyota-c-hr-85908.html,The Motor Report,2016-11-26T00:00:00.0000000Z
41,The <b>Toyota</b> C-HR will go on-sale in Australia in late <b>February</b> (2017) but pricing is still being kept under wraps for the tiny-tot SUV. THE <b>TOYOTA</b> C-HR will go on-sale in <b>February</b> with pricing set to be announced closer to the local launch. The tiny-tot C ...,<b>Toyota C-HR on-sale in February</b>,https://practicalmotoring.com.au/car-news/toyota-c-hr-on-sale-february/,practicalmotoring.com.au,2016-11-25T19:52:00.0000000Z
42,"The 2017 <b>Toyota</b> C-HR is gearing up to hit Australian shores in <b>February</b> as the Japanese brand begins preparations to enter a segment it has previously not contested in. With its compatriot starting from $25,990 for the front-wheel drive manual, it gives ...",2017 <b>Toyota</b> C-HR arriving <b>February</b>,https://www.caradvice.com.au/502005/2017-toyota-c-hr-arriving-february/,CarAdvice,2016-11-24T00:30:00.0000000Z
43,All-new sub-RAV4 crossover could be could be significantly more expensive than expected <b>Toyota</b>’s Australia’s first compact crossover won’t just be a jacked-up Corolla when it arrives in local showrooms in late <b>February</b>. The nation’s top-selling ...,<b>Toyota</b>’s <b>new baby SUV arriving February</b>,https://www.motoring.com.au/toyotas-new-baby-suv-arriving-february-104757/,motoring.com.au,2016-11-24T00:00:00.0000000Z
44,"<b>Toyota</b> Motor Corporation’s (TM - Free Report) shares dipped 0.31% on Mar 29, after the company reported a decline in global production for <b>February</b>. The automaker’s total worldwide production dropped 5.2% year over year to 764,937 units in Feb 2016.",<b>Toyota&#39;s February Production Down on Lower</b> Japan Output,https://www.zacks.com/stock/news/211980/toyotas-february-production-down-on-lower-japan-output,Zacks Investment Research,2016-03-31T17:31:00.0000000Z
45,"<b>Toyota</b> Motor Corporation &#39;s TM shares dipped 0.31% on Mar 29, after the company reported a decline in global production for <b>February</b>. The automaker&#39;s total worldwide production dropped 5.2% year over year to 764,937 units in Feb 2016. This was due to a 17 ...",<b>Toyota&#39;s February Production Down on Lower</b> Japan Output,https://www.nasdaq.com/article/toyotas-february-production-down-on-lower-japan-output-cm600147,Nasdaq,2016-03-31T02:30:00.0000000Z
46,"“Light trucks continue to drive strong demand in 2016,” said Bill Fay, group vice president and general manager for the <b>Toyota</b> division. “The <b>Toyota</b> division had back-to-back, best-ever light truck monthly records, supported by another best-ever ...",<b>Toyota February Sales Up Thanks to</b> New RAV4,http://thenewswheel.com/toyota-february-sales-up-thanks-to-new-rav4/,thenewswheel.com,2016-03-08T19:14:00.0000000Z
47,"What: <b>Shares of Toyota Motor Corporation</b> (NYSE:TM) fell over 13% in <b>February</b>. The Japanese auto giant&#39;s dollar-denominated shares on the New York Stock Exchange ended the month at $104.10, down 13.25% from the company&#39;s $120 opening price on Feb. 1.",Why <b>Shares of Toyota Motor Corporation Fell Over</b> 13% in <b>February</b>,https://www.fool.com/investing/general/2016/03/06/why-shares-of-toyota-motor-corporation-fell-over-1.aspx,The Motley Fool,2016-03-06T14:06:00.0000000Z
48,"The corrected release reads: <b>TOYOTA</b> MOTOR SALES REPORTS 4.1 PERCENT <b>FEBRUARY</b> INCREASE TMS light trucks set new <b>February</b> record RAV4 charges ahead, marks best-ever <b>February</b> Lexus LX, RX, and NX see double-digit gains <b>Toyota</b> Motor Sales (TMS), U.S.A., Inc ...",<b>CORRECTING and REPLACING Toyota Motor Sales Reports</b> 4.1 Percent <b>February</b> Increase,http://www.businesswire.com/news/home/20160301006652/en/CORRECTING-REPLACING-Toyota-Motor-Sales-Reports-4.1,Business Wire,2016-03-01T00:00:00.0000000Z
49,"TMS light trucks set new <b>February</b> record RAV4 charges ahead, marks best-ever <b>February</b> Lexus LX, RX, and NX see double-digit gains <b>Toyota</b> Motor Sales (TMS), U.S.A., Inc. today reported <b>February</b> 2016 sales of 187,954 vehicles, an increase of 4.1 percent from ...",<b>Toyota Motor Sales reports</b> 4.1 <b>percent february increase</b>,https://www.automotiveworld.com/news-releases/toyota-motor-sales-reports-4-1-percent-february-increase/,Automotive World,2016-03-01T00:00:00.0000000Z
50,"Opinions expressed by Forbes Contributors are their own. We have a $168 price estimate for <b>Toyota</b>, which is about 20% higher than the current market price. SUV Sales on the Rise for <b>Toyota</b> Just a few years ago U.S. auto makers were struggling in their ...",Why <b>February</b>&#39;s U.S. Sales Results Are Very Encouraging For <b>Toyota</b> Motors,https://www.forbes.com/sites/greatspeculations/2015/03/30/why-februarys-u-s-sales-results-are-very-encouraging-for-toyota-motors/,Forbes,2015-03-30T08:39:00.0000000Z
51,"<b>Toyota</b> Motor Philippines (TMP) sustains its strong sales as seen in its <b>February</b> performance. Based on the most recent CAMPI report, the number one automotive company in the country records a 28% increase versus the company’s figures from the same period ...",<b>Toyota Continues Strong Sales in</b> <b>February</b>,https://www.carguide.ph/2015/03/toyota-continues-strong-sales-in.html,carguide.ph,2015-03-18T00:00:00.0000000Z
52,"TORRANCE, Calif. (March 3, 2015) – <b>Toyota</b> Motor Sales (TMS), U.S.A., Inc., today reported <b>February</b> 2015 sales of 180,467, an increase of 13.3 percent from <b>February</b> 2014 on a volume basis. With the same amount of selling days in <b>February</b> 2015 and 2014 ...",<b>Toyota</b> Motor <b>Sales Posts 13.3 Percent Increase in February</b>,http://stylemagazine.com/news/2015/mar/11/toyota-motor-sales-posts-133-percent-increase-febr/,Houston Style Magazine,2015-03-11T07:26:00.0000000Z
53,"<b>Toyota</b> Kirloskar Motor’s domestic car sales are up 17 percent in <b>February</b> 2015. The Japanese carmaker sold 11,802 units last month compared to 10,110 units in the corresponding period last year. Despite the budget not being a favourable one, sales have ...",<b>Toyota</b> registers 17 percent growth in <b>February</b> 2015,https://www.zigwheels.com/news-features/industry-news/toyota-registers-17-percent-growth-in-february-2015/21271/,ZigWheels,2015-03-04T01:29:00.0000000Z
54,"The <b>Toyota</b> Corolla takes a swipe back at last month&#39;s leader, the Mazda 3 as every showroom sale counts in the quest to be Australia&#39;s Number-One selling car The <b>Toyota</b> Corolla takes a swipe back at last month&#39;s leader, the Mazda 3 as every showroom sale ...",<b>Toyota</b> Corolla tops <b>February</b> 2015 sales,https://www.whichcar.com.au/news/toyota-corolla-tops-february-2015-sales,whichcar.com.au,2015-03-04T00:00:00.0000000Z
55,"Fifth consecutive monthly sales record for Lexus Second consecutive monthly record for TCI truck sales Best <b>February</b> ever for TCI hybrid sales, led by <b>February</b> record for Prius family TORONTO, ON., (March 3, 2015) – <b>Toyota</b> Canada Inc. (TCI) sold 13,002 ...",<b>Toyota Canada Inc. February sales up</b> 18.8% over 2014,http://media.toyota.ca/releases/toyota-canada-inc-february-sales-up-18-8-over-2014,media.toyota.ca,2015-03-03T00:00:00.0000000Z
56,"New Delhi: <b>Toyota</b> Kirloskar Motor (TKM) on Sunday reported a 17.66 per cent increase in total sales at 13,280 units in <b>February</b>. It had sold 11,286 units during the same month last year. In the domestic market, the company sold 11,802 units in <b>February</b> ...",<b>Toyota</b> Kirloskar <b>February</b> Sales Up 17%,https://www.ndtv.com/business/toyota-kirloskar-february-sales-up-17-743488,NDTV,2015-03-01T16:13:00.0000000Z
57,"quality control and inspection Production ceremony for the <b>Toyota</b> Mirai (<b>February</b> 24, 2015) Production ceremony for the <b>Toyota</b> Mirai (<b>February</b> 24, 2015) Production ceremony for the <b>Toyota</b> Mirai (<b>February</b> 24, 2015) Production ceremony for the <b>Toyota</b> Mirai ...",How the Future is Made: Behind the Scenes of <b>Toyota</b> ‘Mirai’ Production,https://newsroom.toyota.co.jp/en/detail/6402089/,newsroom.toyota.co.jp,2015-02-23T23:59:00.0000000Z
58,"In <b>February</b> 1978 the Publica and Publica Starlet lines were consolidated ... The new Starlet (frequently identified as the 60-series from its KP60 chassis code) became <b>Toyota</b>’s entry-level model, following the two-box hatchback design that had become ...",History of the <b>Toyota</b> Starlet,https://blog.toyota.co.uk/history-of-the-toyota-starlet,blog.toyota.co.uk,2014-08-01T09:22:00.0000000Z
59,"This enabled <b>Toyota</b>’s engineers to optimise weight distribution ... Special edition Solair and Motiv-8 models arrived in July 1995 and <b>February</b> 1996 respectively, the former improving on the already high-spec GX model and the latter restoring much ...",History of the <b>Toyota</b> Previa,https://blog.toyota.co.uk/history-of-the-toyota-previa,blog.toyota.co.uk,2014-06-24T14:33:00.0000000Z
60,"<b>Toyota</b> Motor Sales (TMS), U. S.A., Inc., today reported <b>February</b> 2014 sales results of 159,284 units, a decrease of 4.3 percent from <b>February</b> 2013 on both a daily selling rate (DSR) and raw-volume basis. <b>Toyota</b> division posted <b>February</b> 2014 sales of ...",<b>Toyota</b> Sales Drop 4.3% <b>In February - Lexus Musters Up A</b> Solid 8.7% Gain For Month,http://www.autospies.com/news/Toyota-Sales-Drop-4-3-In-February-Lexus-Musters-Up-A-Solid-8-7-Gain-For-Month-80415/,Auto Spies,2014-03-04T06:48:00.0000000Z
61,"Asian automakers showed mixed results in <b>February</b>, with <b>Toyota</b> and Honda posting declines while Nissan was up in double digits. Among the smaller Asian brands, Subaru zoomed, while Hyundai lagged and Kia was about flat. <b>TOYOTA</b> MOTOR. <b>Toyota</b> Motor&#39;s sales ...","<b>Nissan passes Honda in</b> <b>February</b> sales, <b>Toyota</b> falls",https://www.usatoday.com/story/money/cars/2014/03/03/asian-hyundai-toyota-honda-nissan-subaru-mazda/5952103/,USA Today,2014-03-03T21:40:00.0000000Z
62,"TORRANCE, Calif., March 3, 2014 /PRNewswire/ -- <b>Toyota</b> Motor Sales (TMS), U.S.A., Inc., today reported <b>February</b> 2014 sales results of 159,284 units, a decrease of 4.3 percent from <b>February</b> 2013 on both a daily selling rate (DSR) and raw-volume basis.",Retail Customers Propel <b>Toyota</b>&#39;s <b>February</b> 2014 Sales,https://www.marketwatch.com/press-release/retail-customers-propel-toyotas-february-2014-sales-2014-03-03,MarketWatch,2014-03-03T14:16:00.0000000Z
63,"TORRANCE, Calif. (March 3, 2014) – <b>Toyota</b> Motor Sales (TMS), U.S.A., Inc., today reported <b>February</b> <b>2014 sales</b> results of 159,284 units, a decrease of 4.3 percent from <b>February</b> 2013 on both a daily selling rate (DSR) and raw-volume basis. <b>Toyota</b> division ...",Retail Customers Propel <b>Toyota</b>&#39;s <b>February</b> <b>2014 Sales</b>,http://corporatenews.pressroom.toyota.com/releases/toyota+lexus+scion+february+2014+sales.htm,corporatenews.pressroom.toyota.com,2014-03-02T23:59:00.0000000Z
64,"SHANGHAI (Reuters) - <b>Toyota</b> Motor Corp (7203.T) and its local joint ventures sold about 51,900 automobiles in China in <b>February</b>, up 43.1 percent from a year earlier, the Japanese automaker said on Monday. That follows an 18.1 percent year-on-year increase ...",<b>Toyota says February China auto sales</b> up 43.1 percent year/year,https://uk.reuters.com/article/uk-toyota-china-sales/toyota-says-february-china-auto-sales-up-43-1-percent-year-year-idUKBREA220EK20140303,Reuters,2014-03-02T23:59:00.0000000Z
65,"<b>Toyota</b> Kirloskar Motor today reported 19.27 per cent decline in its total sales at 11,284 units in <b>February</b>, 2014. The company had sold 13,979 units in the corresponding month of previous year, <b>Toyota</b> Kirloskar Motor (TKM) said in a statement. In the ...",<b>Toyota</b> Kirloskar sales down 19% in <b>February</b>,https://www.ndtv.com/business/toyota-kirloskar-sales-down-19-in-february-381872,NDTV,2014-03-01T09:43:00.0000000Z
66,"<b>Toyota</b> Motor Corporation (TMC) will begin verification testing of its newly developed wireless battery charging system for plug-in electric vehicles—such as plug-in hybrids and battery-electric vehicles—in late <b>February</b> in Aichi Prefecture, Japan.",<b>Toyota</b> to begin wireless vehicle charging system verification testing,http://www.greencarcongress.com/2014/02/20140213-tmcwireless.html,Green Car Congress,2014-02-13T11:27:00.0000000Z
67,"The 60-second spot, entitled &quot;Joyride,&quot; will make its broadcast debut during Super Bowl XLVIII on Sunday, <b>February</b> 2. Here&#39;s what Jack Hollis, vice president of <b>Toyota</b> Division Marketing at <b>Toyota</b> Motor Sales, U.S.A., Inc., had to say in a statement.",<b>Muppets Most Wanted: Toyota Super Bowl XLVIII</b> TV Spot Preview,https://movieweb.com/muppets-most-wanted-toyota-super-bowl-xlviii-tv-spot-preview/,MovieWeb,2014-01-21T14:36:00.0000000Z
68,"<b>Toyota</b> is staying the course on incentives to keep its popular Camry atop the family-car sales pile. The automaker sold 31,270 Camry sedans in <b>February</b>, marking the nameplate&#39;s 16th consecutive month as the No. 1 family sedan. But the lead was narrowing.",<b>Toyota</b> <b>Camry Discounts Remain Amid February Sales</b> Drop,https://www.cars.com/articles/2013/03/toyota-camry-discounts-remain-amid-february-sales-drop/,Cars.com,2013-03-08T18:07:00.0000000Z
69,"<b>Toyota</b>’s <b>February</b> vehicle sales rose 4.3 percent ... according to data compiled by <b>Bloomberg</b>. That’s worse than 97 percent of rival global automakers with a market value of more than $10 billion. GM has a profit margin of 3 percent, while Honda ...",<b>Toyota</b> Blinks on Camry Discounts After Sales Drop: Cars,https://www.bloomberg.com/news/articles/2013-03-05/toyota-blinks-on-camry-discounts-after-sales-drop-cars,Bloomberg L.P.,2013-03-06T08:20:00.0000000Z
70,"LOS ANGELES (Bloomberg) -- To see the constant tension at automakers between sales volumes and profit margins, look no further than the current state of <b>Toyota</b> Motor Corp.&#39;s Camry. The Camry sedan has been the top-selling car in the United States for 11 years.",<b>Toyota</b> blinks on <b>Camry deals after February sales fall</b>,http://www.autonews.com/article/20130305/RETAIL01/303059747/toyota-blinks-on-camry-deals-after-february-sales-fall,Automotive News,2013-03-05T00:00:00.0000000Z
71,"The <b>Toyota</b> Hilux led a light commercial vehicle resurgence in <b>February</b> to push sales growth for the month past the comparable month in 2012. <b>February</b>’s total vehicle market of 53 220 units market grew by 1.6% compared to the same month last year, but it ...",<b>Toyota</b> Car Sales <b>February</b> 2013 NAAMSA Comments,https://3d-car-shows.com/toyota-car-sales-february-2013-naamsa-comments/,Nissan Off Road Racing,2013-03-04T00:00:00.0000000Z
72,"Hello and Welcome to justanswer... Do you have any fault lights on the dash at all? Has a stetho check been made to trace the fault area / source? How long have you had this noise for? Rgds, MIKE..... No fault lights on the dash ...",Avensis: I have a <b>February 12 Toyota Avensis diesel which</b> has…,https://www.justanswer.com/uk-car/74u7f-avensis-february-12-toyota-avensis-diesel.html,JustAnswer,2012-09-14T00:00:00.0000000Z
73,"TORRANCE, Calif. (AP) -- <b>Toyota</b> Motor Sales USA Inc. said Thursday its U.S. sales rose more than 12 percent <b>February</b> on higher demand for fuel efficient vehicles. BY THE NUMBERS: The automaker said it sold a total of 159,423 vehicles, up from 141,846 in ...",<b>February</b> Auto Sales: <b>Toyota</b>,https://finance.yahoo.com/news/february-auto-sales-toyota-194947767.html,Yahoo Finance,2012-03-02T07:55:00.0000000Z
74,"<b>February</b> 2012 sales announced March 1, 2012 were higher (+39 units) than originally reported. Here is a corrected news release: TORRANCE, Calif. (March 1, 2012) – <b>Toyota</b> Motor Sales (TMS), U.S.A., Inc. reported monthly sales results of 159,462 units in ...",<b>Toyota</b> Motor Sales Reports Increase in <b>February</b> 2012 Sales [Updated],http://toyotanews.pressroom.toyota.com/releases/toyota+motor+sales+reports+increase+february+2012+sales.htm,toyotanews.pressroom.toyota.com,2012-03-01T00:00:00.0000000Z
75,"A Santa Ana-based federal judge has picked the bellwether case in the slew of freak-acceleration lawsuits lodged against <b>Toyota</b>. The trial, which will undoubtedly influence the litigation of the other cases, is set to start on Feb. 19, 2013, according to a ...",Federal Judge in Santa Ana Sets Trial For First of <b>Hundreds of Lawsuits Against Toyota In February</b> 2013,https://www.ocweekly.com/federal-judge-in-santa-ana-sets-trial-for-first-of-hundreds-of-lawsuits-against-toyota-in-february-2013-6451331/,OC Weekly,2011-06-21T00:00:00.0000000Z
76,"<b>Toyota</b> won&#39;t face the first trial in federal court over sudden-acceleration problems in its vehicles until <b>February</b> 2013, according to a judge ruling late last week. The first trial is set for <b>February</b> 19, while a second is scheduled for May 21 of the same ...",First <b>Toyota</b> Sudden Acceleration Trial Set for <b>February</b> 2013,https://www.autoevolution.com/news/first-toyota-sudden-acceleration-trial-set-for-february-2013-36453.html,autoevolution,2011-06-14T13:18:00.0000000Z
77,"<b>Toyota</b> has held up the NASA report, which was released in <b>February</b>, as an indication that it was not to blame for the rash of sudden-acceleration complaints, first brought to national attention after a 2009 crash near San Diego killed four people.","<b>Toyota</b>&#39;s <b>culture creates blind spots, safety panel</b> reports",http://articles.latimes.com/2011/may/24/business/la-fi-toyota-safety-20110523,Los Angeles Times,2011-05-24T02:15:00.0000000Z
78,"The month of <b>February</b> ended in a not so happy note for Japanese automaker <b>Toyota</b>, who was forced, once again, to announce a major recall because of the same problem that had caused the storm in 2010: the renegade floor mats. The effects of the recall will ...",<b>Toyota Nearly Doubles Sales in February</b>,https://www.autoevolution.com/news/toyota-nearly-doubles-sales-in-february-32214.html,autoevolution,2011-03-03T08:20:00.0000000Z
79,"Japan&#39;s largest three car makers continue to rebound in the marketplace with <b>Toyota</b>, Nissan, and Honda all seeing double-digit percentage growth in their <b>February</b> 2011 sales. <b>Toyota</b> - 128,032 units total, up 49 percent Having had its name cleared of ...","<b>Toyota</b>, Nissan, Honda Gain in <b>February</b> 2011, Midsized Sedans Still Best-Sellers",https://www.motortrend.com/news/toyota-nissan-honda-gain-february-2011-midsized-sedans-best-sellers-36063/,Motor Trend,2011-03-02T16:00:00.0000000Z
80,"<b>Toyota</b> Motor Corp.’s <b>February</b> U.S. sales gain may be its second-biggest since last year’s record recalls, even after the world’s largest carmaker said it will have to fix more flawed vehicles. The automaker may report a 27 percent increase in ...",<b>Toyota February Recall Unlikely to Blunt</b> U.S. Sales Rebound,https://www.bloomberg.com/news/articles/2011-02-28/toyota-s-february-recall-unlikely-to-derail-u-s-sales-rebound,Bloomberg L.P.,2011-03-01T01:48:00.0000000Z
81,"TORRANCE, Calif. (Mar. 1, 2011) – <b>Toyota</b> Motor Sales (TMS), U.S.A., Inc., today reported <b>February</b> sales results of 141,846 units. With 24 selling days in <b>February</b> 2010 and 2011, sales were up 41.8 percent over the year-ago month on a daily selling rate ...",<b>Toyota Reports February Sales</b>,http://toyotanews.pressroom.toyota.com/releases/toyota-reports-february-2011-sales.htm,toyotanews.pressroom.toyota.com,2011-02-28T23:59:00.0000000Z
82,"Sales of Ford&#39;s Fusion sedan, for example, more than doubled to 16,459 cars from <b>February</b> 2009. Meanwhile, sales of the Camry, its main rival from <b>Toyota</b>, plunged nearly 20% to 16,552. &quot;We are off to a strong start in 2010, and we continue to gain traction ...",Ford <b>sales leap 43% in February as Toyota</b>&#39;s drop 9% amid recall woes,http://articles.latimes.com/2010/mar/03/business/la-fi-auto-sales3-2010mar03,Los Angeles Times,2010-03-03T00:00:00.0000000Z
83,"DETROIT – <b>Toyota</b>’s pain is its rivals’ gain. All major automakers but <b>Toyota</b> reported higher U.S. sales in <b>February</b>, and most took customers from their powerful Japanese competitor, which has been struggling with a series of massive safety recalls.","<b>Auto sales rose in February, but not for Toyota</b>",https://www.pressherald.com/2010/03/03/auto-sales-rose-in-february-but-not-for-toyota_2010-03-02/,Portland Press Herald,2010-03-03T00:00:00.0000000Z
84,"Plagued with recalls, <b>Toyota</b> Motor Corp reported a 9% drop in U.S. sales for <b>February</b>. But contrary to popular expectation, the other automakers didn”t gain as much market-share as expected. FoMoCo, which posted a strong month to launch ahead of GM and ...",<b>FoMoCo tops GM and Toyota in February</b>,http://www.egmcartech.com/2010/03/02/fomoco-tops-gm-and-toyota-in-february-sales/,eGMCarTech,2010-03-02T20:51:00.0000000Z
85,"DETROIT -- <b>Toyota</b>&#39;s pain is its rivals&#39; gain. All major automakers but <b>Toyota</b> reported higher U.S. sales in <b>February</b>, and most took customers from their powerful Japanese competitor, which has been struggling with a series of massive safety recalls.","Ford takes advantage of <b>Toyota</b>&#39;s woes, outsells GM in <b>February</b>",https://www.dailyherald.com/article/20100302/business/303029851/,Daily Herald,2010-03-02T16:21:00.0000000Z
86,<b>Toyota</b> Motor&#39;s (TM) recall woes have put a dent in sales. The Japanese automaker reported that sales fell 8.7% in <b>February</b> as production and sales halts combined with consumer concerns about safety recalls took a toll on demand. Several of those recalls ...,<b>Toyota</b>&#39;s <b>February Sales Suffer Over Safety Concerns</b>,https://www.aol.com/2010/03/02/toyotas-february-sales-suffer-over-safety-concerns/,AOL,2010-03-02T16:00:00.0000000Z
87,"TORRANCE, Calif., March 2 -- <b>Toyota</b> Motor Sales (TMS), U.S.A., Inc., today reported <b>February</b> sales of 100,027 vehicles. With equal selling days in <b>February</b> 2009 and <b>2010, sales</b> were down 8.7 percent from the year-ago month on a daily selling rate and ...",<b>Toyota</b> Reports <b>February</b> <b>2010 Sales</b>,https://www.theautochannel.com/news/2010/03/02/467672.html,The Auto Channel,2010-03-02T00:00:00.0000000Z
88,"<b>February</b>&#39;s automotive sales numbers are slowly rolling in, and we&#39;re already seeing that <b>Toyota</b>&#39;s recall crisis has severely hurt the company&#39;s overall sales. On the other hand, its loss has proved to be a real gain for other automakers, especially Ford ...","Ford <b>outsells GM, Toyota in February sales</b>",https://www.autoblog.com/2010/03/02/ford-outsells-gm-toyota-in-february-sales/,Autoblog,2010-03-02T00:00:00.0000000Z
89,"DETROIT (Reuters) - <b>Toyota</b> Motor Corp’s (7203.T) (TM.N) U.S. sales for <b>February</b> likely took a hit from massive recalls, but the big question remains how deep the damaging crisis will cut into its results in coming months. Grappling with its biggest ...","<b>Toyota February</b> sales hit, rivals gain ground",https://www.reuters.com/article/us-usa-autosales/toyota-february-sales-hit-rivals-gain-ground-idUSTRE61P50Y20100226,Reuters,2010-02-26T20:59:00.0000000Z
90,"The organization reported that 60 percent of <b>Toyota</b> drivers surveyed from <b>February</b> 4 to 8 said they would consider <b>Toyota</b> first, down from 70 percent in December. Honda took first place in that section of the consumer loyalty survey, followed by <b>Toyota</b> ...",<b>Toyota owner loyalty slips - Consumer Reports</b>,https://in.reuters.com/article/toyota-consumer/toyota-owner-loyalty-slips-consumer-reports-idINN2619025520100226,Reuters,2010-02-26T00:00:00.0000000Z
91,"SANTA MONICA, Calif.--(BUSINESS WIRE)--Fourth graph, first sentence of release should read: &quot;and up from an abysmal performance&quot; (sted &quot;yet down from an abysmal performance&quot;). The corrected release reads: EDMUNDS.COM FORECASTS <b>FEBRUARY</b> AUTO SALES: <b>TOYOTA</b> ...",CORRECTING and REPLACING Edmunds.com Forecasts <b>February</b> Auto Sales: <b>Toyota</b> Market Share Lowest Since 2005; Hyundai and Nissan Highest Ever,http://www.businesswire.com/news/home/20100225006564/en/Edmunds.com-Forecasts-February-Auto-Sales-Toyota-Market,Business Wire,2010-02-25T14:36:00.0000000Z
92,"<b>February</b>/March 2004: Private Insurer State Farm notifies NHTSA of a worrying trend in claims of unintended acceleration in 2002 and 2003 model year Lexus ES300s and <b>Toyota</b> Camrys. * December, 31, 2004: <b>Toyota</b> vehicles accounted for about 20 percent of all ...","<b>Timeline: Toyota from rise to recall crisis, hearings</b>",https://www.reuters.com/article/us-toyota-timeline/timeline-toyota-from-rise-to-recall-crisis-hearings-idUSTRE61M0IT20100223,Reuters,2010-02-23T02:46:00.0000000Z
93,"January 26: <b>Toyota</b> halts U.S. sales of eight models involved in the recall, including its best-selling Camry and Corolla sedans, and says it will halt production for first week of <b>February</b>. * January 27: At urging of NHTSA, <b>Toyota</b> recalls an additional 1.1 ...",Timeline: What led up to <b>Toyota</b>&#39;s largest recall in history?,http://www.nydailynews.com/news/money/timeline-led-toyota-largest-recall-history-article-1.194593,New York Daily News,2010-02-09T01:38:00.0000000Z
94,"But three questions we are looking at now are: As for market loss, <b>February</b> should be a low point. With its factories closed for a couple weeks and cars piled up in dealers&#39; lots awaiting fixing, it&#39;s reasonable to figure that <b>Toyota</b>&#39;s <b>February</b> sales will ...",<b>Toyota</b>&#39;s Troubles Are Just Beginning,https://www.forbes.com/2010/02/04/flint-toyota-autos-business-tradein.html,Forbes,2010-02-04T15:09:00.0000000Z
95,"March 1, 2007 – Torrance, CA – Spurred by record hybrid sales, <b>Toyota</b> Motor Sales (TMS), U.S.A., Inc., today reported best-ever <b>February</b> sales of 187,330 vehicles, an increase of 12.2 percent over <b>February</b> 2006. &quot;Sales were brisk at both ends of our ...",<b>Toyota</b> Reports <b>February</b> Sales,https://www.clublexus.com/articles/toyota-reports-february-sales/,Clublexus,2007-03-01T00:00:00.0000000Z
96,"General Motors and Ford can breathe a sigh of relief -- the <b>Toyota</b> Tundra won&#39;t be hitting the market until <b>February</b> now, quite a bit later than the &quot;late 2006&quot; timeline originally promised by <b>Toyota</b>. The delay will no doubt mean more sales for the new ...",<b>Toyota Tundra delayed to February &#39;07</b>,https://www.autoblog.com/2006/08/17/toyota-tundra-delayed-to-february-07/,Autoblog,2006-08-17T00:00:00.0000000Z
97,"TORRANCE, Calif., March 1 -- <b>Toyota</b> Motor Sales (TMS), U.S.A., Inc., today reported best-ever <b>February</b> sales of 166,940 units, an increase of 2.4 percent over the same period last year. &quot;First quarter economic growth is proving quite robust,&quot; said Jim ...",<b>Toyota Reports February 2006 Sales</b>,https://www.theautochannel.com/news/2006/03/01/212164.html,The Auto Channel,2006-03-01T00:00:00.0000000Z
98,"May you enjoy an abundance of savings and prosperity this Chinese New Year with Malaysia famous cars brand sale amazing deals! Featuring Perodua, Honda, Proton and <b>Toyota</b> cars up to RM15,888 discount !","Perodua, Honda, Proton &amp; <b>Toyota</b> CNY <b>February</b> Rebate Promotion 2018",https://malaysiafreebies.com/perodua-honda-proton-toyota-cny-february-rebate-promotion-2018/,Malaysia Freebies,2018-02-01T00:00:00.0000000Z
99,"<b>February</b> sales record for TCI and TCI hybrids Fourteenth straight monthly record for TCI truck sales and seventeenth straight for Lexus TORONTO, March 1, 2016 /CNW/ - <b>Toyota</b> Canada Inc. (TCI) sold 14,284 <b>Toyota</b>, Scion and Lexus vehicles in <b>February</b>, up 9.9 ...",<b>Toyota Canada Inc. Reports February Sales Results</b>,https://www.newswire.ca/news-releases/toyota-canada-inc-reports-february-sales-results-570682431.html,Newswire,2016-03-01T19:18:00.0000000Z
0,"<b>February</b> sales record for TCI and TCI hybrids Fourteenth straight monthly record for TCI truck sales and seventeenth straight for Lexus TORONTO, March 1, 2016 /CNW/ - <b>Toyota</b> Canada Inc. (TCI) sold 14,284 <b>Toyota</b>, Scion and Lexus vehicles in <b>February</b>, up 9.9 ...",<b>Toyota Canada Inc. Reports February Sales Results</b>,https://www.newswire.ca/news-releases/toyota-canada-inc-reports-february-sales-results-570682431.html,Newswire,2016-03-01T19:18:00.0000000Z
1,"HOLDEN’S Commodore reclaimed the title of Australia&#39;s best-selling car after a three-month hiatus in <b>February</b>, when the Australian new-vehicle market continued to be soft at least in terms of passenger car sales - which were down five per cent month-on ...",Commodore back on top <b>as Toyota falters in February</b>,https://www.goauto.com.au/news/vfacts/sales-2011/commodore-back-on-top-as-toyota-falters-in-february/2011-03-03/24174.html,GoAuto,2011-03-03T00:00:00.0000000Z
2,"It was only a few months ago that <b>Toyota</b> was comfortably entrenched as the number one automaker in the world. Not only did the company sell more cars than any other competitor, having surpassed General Motors in 2008, but it was also the most respected.",<b>Toyota’s Total Recall</b>,http://www.rmmagazine.com/2010/04/01/toyotas-total-recall/,Risk Management,2010-04-01T16:06:00.0000000Z
3,"A massive drop in registration of new cars as rental vehicles has had a big impact on passenger car popularity in <b>February</b>. In January, it was the <b>Toyota</b> Corolla that was easily the most popular passenger car, achieving a total of 958 sales - with 696 of ...",<b>Toyota</b> rental sales plummet; Suzuki Swift soars into lead as <b>February</b> figures revealed,https://www.stuff.co.nz/motoring/101960097/Toyota-rental-sales-plummet-Suzuki-Swift-soars-into-lead-as-February-figures-revealed,Stuff.co.nz,2018-03-05T00:00:00.0000000Z
4,"<b>Toyota</b> Kirloskar Motor sold a total of 11,215 units in the month of <b>February</b> 2016. TKM sold 10,312 units in the domestic market &amp; exported 903 units of the Etios series clocking a total of 11,215 units in <b>February</b> 2016. The company sold a total of 11, 802 ...","<b>Toyota</b> sells 11,215 cars <b>in February 2016; Camry Hybrid records</b> 90% YoY growth;",https://blog.gaadikey.com/toyota-sells-11215-cars-in-february-2016-camry-hybrid-records-90-yoy-growth/,blog.gaadikey.com,2016-03-02T00:00:00.0000000Z
5,Any car that sells 40 million around the world must have something going for it apart from affordability. There are lots of cars out there that may seem like a bargain but once driven for a few weeks you realise that in most cases you get exactly what you ...,Car of the <b>week: February 6th - Toyota</b> Corolla 2014,https://uk.news.yahoo.com/car-week-february-6th-toyota-151800996.html,Yahoo!,2014-04-30T18:29:00.0000000Z
6,"More than 16,000 newer model <b>Toyota</b> and Lexus vehicles are being recalled due to a risk that the braking system actuator may have been equipped with damaged O-rings, resulting in improper brake fluid pressure that could lead to the loss of vehicle control ...","<b>Toyota</b>, Lexus <b>Recall Issued Over Brake Problems That Could Cause</b> Crash",https://www.aboutlawsuits.com/toyota-lexus-brake-recall-99756/,Aboutlawsuits.com,2016-04-26T15:05:00.0000000Z
7,"NEW DELHI: Months after losing the No. 3 spot among passenger carmakers in India, Tata Motors slipped further to the fifth position last month, as Japan’s <b>Toyota</b> Motor Corp edged past it to become the country’s fourth-biggest vehicle maker. Tata Motors ...",<b>Toyota overtakes Tata as No</b>. 4 in <b>February</b> sales,https://timesofindia.indiatimes.com/business/india-business/Toyota-overtakes-Tata-as-No-4-in-February-sales/articleshow/18759571.cms,Times of India,2013-03-02T09:42:00.0000000Z
8,"<b>Toyota</b> Kirloskar Motor (TKM) has posted a sales growth of 4.88 per cent in <b>February</b> 2018. The carmaker sold 12,705 cars last month as compared to 12,113 units sold in the same month last year. Apart from the cumulative sales numbers, TKM has also managed ...",<b>Toyota</b> sales grow by 4.88 per cent in <b>February</b> 2018,https://www.carwale.com/news/toyota-sales-grow-by-488-per-cent-in-february-2018/,CarWale,2018-03-03T11:05:00.0000000Z
0,"May you enjoy an abundance of savings and prosperity this Chinese New Year with Malaysia famous cars brand sale amazing deals! Featuring Perodua, Honda, Proton and <b>Toyota</b> cars up to RM15,888 discount !","Perodua, Honda, Proton &amp; <b>Toyota</b> CNY <b>February</b> Rebate Promotion 2018",https://malaysiafreebies.com/perodua-honda-proton-toyota-cny-february-rebate-promotion-2018/,Malaysia Freebies,2018-02-01T00:00:00.0000000Z
1,"<b>February</b> sales record for TCI and TCI hybrids Fourteenth straight monthly record for TCI truck sales and seventeenth straight for Lexus TORONTO, March 1, 2016 /CNW/ - <b>Toyota</b> Canada Inc. (TCI) sold 14,284 <b>Toyota</b>, Scion and Lexus vehicles in <b>February</b>, up 9.9 ...",<b>Toyota Canada Inc. Reports February Sales Results</b>,https://www.newswire.ca/news-releases/toyota-canada-inc-reports-february-sales-results-570682431.html,Newswire,2016-03-01T19:18:00.0000000Z
2,"HOLDEN’S Commodore reclaimed the title of Australia&#39;s best-selling car after a three-month hiatus in <b>February</b>, when the Australian new-vehicle market continued to be soft at least in terms of passenger car sales - which were down five per cent month-on ...",Commodore back on top <b>as Toyota falters in February</b>,https://www.goauto.com.au/news/vfacts/sales-2011/commodore-back-on-top-as-toyota-falters-in-february/2011-03-03/24174.html,GoAuto,2011-03-03T00:00:00.0000000Z
3,"<b>Toyota</b> even considered a Corolla recall in <b>February</b> after complaints about power steering problems. In all, <b>Toyota</b> was forced to recall nearly nine million vehicles-more than its entire worldwide sales last year. Company officials estimated that the ...",<b>Toyota’s Total Recall</b>,http://www.rmmagazine.com/2010/04/01/toyotas-total-recall/,Risk Management,2010-04-01T16:06:00.0000000Z
4,"A massive drop in registration of new cars as rental vehicles has had a big impact on passenger car popularity in <b>February</b>. In January, it was the <b>Toyota</b> Corolla that was easily the most popular passenger car, achieving a total of 958 sales - with 696 of ...",<b>Toyota</b> rental sales plummet; Suzuki Swift soars into lead as <b>February</b> figures revealed,https://www.stuff.co.nz/motoring/101960097/Toyota-rental-sales-plummet-Suzuki-Swift-soars-into-lead-as-February-figures-revealed,Stuff.co.nz,2018-03-05T00:00:00.0000000Z
5,"<b>Toyota</b> Kirloskar Motor sold a total of 11,215 units in the month of <b>February</b> 2016. TKM sold 10,312 units in the domestic market &amp; exported 903 units of the Etios series clocking a total of 11,215 units in <b>February</b> 2016. The company sold a total of 11, 802 ...","<b>Toyota</b> sells 11,215 cars <b>in February 2016; Camry Hybrid records</b> 90% YoY growth;",https://blog.gaadikey.com/toyota-sells-11215-cars-in-february-2016-camry-hybrid-records-90-yoy-growth/,blog.gaadikey.com,2016-03-02T00:00:00.0000000Z
6,Any car that sells 40 million around the world must have something going for it apart from affordability. There are lots of cars out there that may seem like a bargain but once driven for a few weeks you realise that in most cases you get exactly what you ...,Car of the <b>week: February 6th - Toyota</b> Corolla 2014,https://uk.news.yahoo.com/car-week-february-6th-toyota-151800996.html,Yahoo!,2014-04-30T18:29:00.0000000Z
7,"More than 16,000 newer model <b>Toyota</b> and Lexus vehicles are being recalled due to a risk that the braking system actuator may have been equipped with damaged O-rings, resulting in improper brake fluid pressure that could lead to the loss of vehicle control ...","<b>Toyota</b>, Lexus <b>Recall Issued Over Brake Problems That Could Cause</b> Crash",https://www.aboutlawsuits.com/toyota-lexus-brake-recall-99756/,Aboutlawsuits.com,2016-04-26T15:05:00.0000000Z
8,"NEW DELHI: Months after losing the No. 3 spot among passenger carmakers in India, Tata Motors slipped further to the fifth position last month, as Japan’s <b>Toyota</b> Motor Corp edged past it to become the country’s fourth-biggest vehicle maker. Tata Motors ...",<b>Toyota overtakes Tata as No</b>. 4 in <b>February</b> sales,https://timesofindia.indiatimes.com/business/india-business/Toyota-overtakes-Tata-as-No-4-in-February-sales/articleshow/18759571.cms,Times of India,2013-03-02T09:42:00.0000000Z
0,"May you enjoy an abundance of savings and prosperity this Chinese New Year with Malaysia famous cars brand sale amazing deals! Featuring Perodua, Honda, Proton and <b>Toyota</b> cars up to RM15,888 discount !","Perodua, Honda, Proton &amp; <b>Toyota</b> CNY <b>February</b> Rebate Promotion 2018",https://malaysiafreebies.com/perodua-honda-proton-toyota-cny-february-rebate-promotion-2018/,Malaysia Freebies,2018-02-01T00:00:00.0000000Z
1,"<b>February</b> sales record for TCI and TCI hybrids Fourteenth straight monthly record for TCI truck sales and seventeenth straight for Lexus TORONTO, March 1, 2016 /CNW/ - <b>Toyota</b> Canada Inc. (TCI) sold 14,284 <b>Toyota</b>, Scion and Lexus vehicles in <b>February</b>, up 9.9 ...",<b>Toyota Canada Inc. Reports February Sales Results</b>,https://www.newswire.ca/news-releases/toyota-canada-inc-reports-february-sales-results-570682431.html,Newswire,2016-03-01T19:18:00.0000000Z
2,"HOLDEN’S Commodore reclaimed the title of Australia&#39;s best-selling car after a three-month hiatus in <b>February</b>, when the Australian new-vehicle market continued to be soft at least in terms of passenger car sales - which were down five per cent month-on ...",Commodore back on top <b>as Toyota falters in February</b>,https://www.goauto.com.au/news/vfacts/sales-2011/commodore-back-on-top-as-toyota-falters-in-february/2011-03-03/24174.html,GoAuto,2011-03-03T00:00:00.0000000Z
3,"<b>Toyota</b> even considered a Corolla recall in <b>February</b> after complaints about power steering problems. In all, <b>Toyota</b> was forced to recall nearly nine million vehicles-more than its entire worldwide sales last year. Company officials estimated that the ...",<b>Toyota’s Total Recall</b>,http://www.rmmagazine.com/2010/04/01/toyotas-total-recall/,Risk Management,2010-04-01T16:06:00.0000000Z
4,"A massive drop in registration of new cars as rental vehicles has had a big impact on passenger car popularity in <b>February</b>. In January, it was the <b>Toyota</b> Corolla that was easily the most popular passenger car, achieving a total of 958 sales - with 696 of ...",<b>Toyota</b> rental sales plummet; Suzuki Swift soars into lead as <b>February</b> figures revealed,https://www.stuff.co.nz/motoring/101960097/Toyota-rental-sales-plummet-Suzuki-Swift-soars-into-lead-as-February-figures-revealed,Stuff.co.nz,2018-03-05T00:00:00.0000000Z
5,"<b>Toyota</b> Kirloskar Motor sold a total of 11,215 units in the month of <b>February</b> 2016. TKM sold 10,312 units in the domestic market &amp; exported 903 units of the Etios series clocking a total of 11,215 units in <b>February</b> 2016. The company sold a total of 11, 802 ...","<b>Toyota</b> sells 11,215 cars <b>in February 2016; Camry Hybrid records</b> 90% YoY growth;",https://blog.gaadikey.com/toyota-sells-11215-cars-in-february-2016-camry-hybrid-records-90-yoy-growth/,blog.gaadikey.com,2016-03-02T00:00:00.0000000Z
6,Any car that sells 40 million around the world must have something going for it apart from affordability. There are lots of cars out there that may seem like a bargain but once driven for a few weeks you realise that in most cases you get exactly what you ...,Car of the <b>week: February 6th - Toyota</b> Corolla 2014,https://uk.news.yahoo.com/car-week-february-6th-toyota-151800996.html,Yahoo!,2014-04-30T18:29:00.0000000Z
7,"More than 16,000 newer model <b>Toyota</b> and Lexus vehicles are being recalled due to a risk that the braking system actuator may have been equipped with damaged O-rings, resulting in improper brake fluid pressure that could lead to the loss of vehicle control ...","<b>Toyota</b>, Lexus <b>Recall Issued Over Brake Problems That Could Cause</b> Crash",https://www.aboutlawsuits.com/toyota-lexus-brake-recall-99756/,Aboutlawsuits.com,2016-04-26T15:05:00.0000000Z
8,"NEW DELHI: Months after losing the No. 3 spot among passenger carmakers in India, Tata Motors slipped further to the fifth position last month, as Japan’s <b>Toyota</b> Motor Corp edged past it to become the country’s fourth-biggest vehicle maker. Tata Motors ...",<b>Toyota overtakes Tata as No</b>. 4 in <b>February</b> sales,https://timesofindia.indiatimes.com/business/india-business/Toyota-overtakes-Tata-as-No-4-in-February-sales/articleshow/18759571.cms,Times of India,2013-03-02T09:42:00.0000000Z
0,"May you enjoy an abundance of savings and prosperity this Chinese New Year with Malaysia famous cars brand sale amazing deals! Featuring Perodua, Honda, Proton and <b>Toyota</b> cars up to RM15,888 discount !","Perodua, Honda, Proton &amp; <b>Toyota</b> CNY <b>February</b> Rebate Promotion 2018",https://malaysiafreebies.com/perodua-honda-proton-toyota-cny-february-rebate-promotion-2018/,Malaysia Freebies,2018-02-01T00:00:00.0000000Z
1,"<b>February</b> sales record for TCI and TCI hybrids Fourteenth straight monthly record for TCI truck sales and seventeenth straight for Lexus TORONTO, March 1, 2016 /CNW/ - <b>Toyota</b> Canada Inc. (TCI) sold 14,284 <b>Toyota</b>, Scion and Lexus vehicles in <b>February</b>, up 9.9 ...",<b>Toyota Canada Inc. Reports February Sales Results</b>,https://www.newswire.ca/news-releases/toyota-canada-inc-reports-february-sales-results-570682431.html,Newswire,2016-03-01T19:18:00.0000000Z
2,"HOLDEN’S Commodore reclaimed the title of Australia&#39;s best-selling car after a three-month hiatus in <b>February</b>, when the Australian new-vehicle market continued to be soft at least in terms of passenger car sales - which were down five per cent month-on ...",Commodore back on top <b>as Toyota falters in February</b>,https://www.goauto.com.au/news/vfacts/sales-2011/commodore-back-on-top-as-toyota-falters-in-february/2011-03-03/24174.html,GoAuto,2011-03-03T00:00:00.0000000Z
3,"<b>Toyota</b> even considered a Corolla recall in <b>February</b> after complaints about power steering problems. In all, <b>Toyota</b> was forced to recall nearly nine million vehicles-more than its entire worldwide sales last year. Company officials estimated that the ...",<b>Toyota’s Total Recall</b>,http://www.rmmagazine.com/2010/04/01/toyotas-total-recall/,Risk Management,2010-04-01T16:06:00.0000000Z
4,"A massive drop in registration of new cars as rental vehicles has had a big impact on passenger car popularity in <b>February</b>. In January, it was the <b>Toyota</b> Corolla that was easily the most popular passenger car, achieving a total of 958 sales - with 696 of ...",<b>Toyota</b> rental sales plummet; Suzuki Swift soars into lead as <b>February</b> figures revealed,https://www.stuff.co.nz/motoring/101960097/Toyota-rental-sales-plummet-Suzuki-Swift-soars-into-lead-as-February-figures-revealed,Stuff.co.nz,2018-03-05T00:00:00.0000000Z
5,"<b>Toyota</b> Kirloskar Motor sold a total of 11,215 units in the month of <b>February</b> 2016. TKM sold 10,312 units in the domestic market &amp; exported 903 units of the Etios series clocking a total of 11,215 units in <b>February</b> 2016. The company sold a total of 11, 802 ...","<b>Toyota</b> sells 11,215 cars <b>in February 2016; Camry Hybrid records</b> 90% YoY growth;",https://blog.gaadikey.com/toyota-sells-11215-cars-in-february-2016-camry-hybrid-records-90-yoy-growth/,blog.gaadikey.com,2016-03-02T00:00:00.0000000Z
6,Any car that sells 40 million around the world must have something going for it apart from affordability. There are lots of cars out there that may seem like a bargain but once driven for a few weeks you realise that in most cases you get exactly what you ...,Car of the <b>week: February 6th - Toyota</b> Corolla 2014,https://uk.news.yahoo.com/car-week-february-6th-toyota-151800996.html,Yahoo!,2014-04-30T18:29:00.0000000Z
7,"More than 16,000 newer model <b>Toyota</b> and Lexus vehicles are being recalled due to a risk that the braking system actuator may have been equipped with damaged O-rings, resulting in improper brake fluid pressure that could lead to the loss of vehicle control ...","<b>Toyota</b>, Lexus <b>Recall Issued Over Brake Problems That Could Cause</b> Crash",https://www.aboutlawsuits.com/toyota-lexus-brake-recall-99756/,Aboutlawsuits.com,2016-04-26T15:05:00.0000000Z
8,"NEW DELHI: Months after losing the No. 3 spot among passenger carmakers in India, Tata Motors slipped further to the fifth position last month, as Japan’s <b>Toyota</b> Motor Corp edged past it to become the country’s fourth-biggest vehicle maker. Tata Motors ...",<b>Toyota overtakes Tata as No</b>. 4 in <b>February</b> sales,https://timesofindia.indiatimes.com/business/india-business/Toyota-overtakes-Tata-as-No-4-in-February-sales/articleshow/18759571.cms,Times of India,2013-03-02T09:42:00.0000000Z
0,"May you enjoy an abundance of savings and prosperity this Chinese New Year with Malaysia famous cars brand sale amazing deals! Featuring Perodua, Honda, Proton and <b>Toyota</b> cars up to RM15,888 discount !","Perodua, Honda, Proton &amp; <b>Toyota</b> CNY <b>February</b> Rebate Promotion 2018",https://malaysiafreebies.com/perodua-honda-proton-toyota-cny-february-rebate-promotion-2018/,Malaysia Freebies,2018-02-01T00:00:00.0000000Z
1,"<b>February</b> sales record for TCI and TCI hybrids Fourteenth straight monthly record for TCI truck sales and seventeenth straight for Lexus TORONTO, March 1, 2016 /CNW/ - <b>Toyota</b> Canada Inc. (TCI) sold 14,284 <b>Toyota</b>, Scion and Lexus vehicles in <b>February</b>, up 9.9 ...",<b>Toyota Canada Inc. Reports February Sales Results</b>,https://www.newswire.ca/news-releases/toyota-canada-inc-reports-february-sales-results-570682431.html,Newswire,2016-03-01T19:18:00.0000000Z
2,"HOLDEN’S Commodore reclaimed the title of Australia&#39;s best-selling car after a three-month hiatus in <b>February</b>, when the Australian new-vehicle market continued to be soft at least in terms of passenger car sales - which were down five per cent month-on ...",Commodore back on top <b>as Toyota falters in February</b>,https://www.goauto.com.au/news/vfacts/sales-2011/commodore-back-on-top-as-toyota-falters-in-february/2011-03-03/24174.html,GoAuto,2011-03-03T00:00:00.0000000Z
3,"<b>Toyota</b> even considered a Corolla recall in <b>February</b> after complaints about power steering problems. In all, <b>Toyota</b> was forced to recall nearly nine million vehicles-more than its entire worldwide sales last year. Company officials estimated that the ...",<b>Toyota’s Total Recall</b>,http://www.rmmagazine.com/2010/04/01/toyotas-total-recall/,Risk Management,2010-04-01T16:06:00.0000000Z
4,"A massive drop in registration of new cars as rental vehicles has had a big impact on passenger car popularity in <b>February</b>. In January, it was the <b>Toyota</b> Corolla that was easily the most popular passenger car, achieving a total of 958 sales - with 696 of ...",<b>Toyota</b> rental sales plummet; Suzuki Swift soars into lead as <b>February</b> figures revealed,https://www.stuff.co.nz/motoring/101960097/Toyota-rental-sales-plummet-Suzuki-Swift-soars-into-lead-as-February-figures-revealed,Stuff.co.nz,2018-03-05T00:00:00.0000000Z
5,"<b>Toyota</b> Kirloskar Motor sold a total of 11,215 units in the month of <b>February</b> 2016. TKM sold 10,312 units in the domestic market &amp; exported 903 units of the Etios series clocking a total of 11,215 units in <b>February</b> 2016. The company sold a total of 11, 802 ...","<b>Toyota</b> sells 11,215 cars <b>in February 2016; Camry Hybrid records</b> 90% YoY growth;",https://blog.gaadikey.com/toyota-sells-11215-cars-in-february-2016-camry-hybrid-records-90-yoy-growth/,blog.gaadikey.com,2016-03-02T00:00:00.0000000Z
6,Any car that sells 40 million around the world must have something going for it apart from affordability. There are lots of cars out there that may seem like a bargain but once driven for a few weeks you realise that in most cases you get exactly what you ...,Car of the <b>week: February 6th - Toyota</b> Corolla 2014,https://uk.news.yahoo.com/car-week-february-6th-toyota-151800996.html,Yahoo!,2014-04-30T18:29:00.0000000Z
7,"More than 16,000 newer model <b>Toyota</b> and Lexus vehicles are being recalled due to a risk that the braking system actuator may have been equipped with damaged O-rings, resulting in improper brake fluid pressure that could lead to the loss of vehicle control ...","<b>Toyota</b>, Lexus <b>Recall Issued Over Brake Problems That Could Cause</b> Crash",https://www.aboutlawsuits.com/toyota-lexus-brake-recall-99756/,Aboutlawsuits.com,2016-04-26T15:05:00.0000000Z
8,"NEW DELHI: Months after losing the No. 3 spot among passenger carmakers in India, Tata Motors slipped further to the fifth position last month, as Japan’s <b>Toyota</b> Motor Corp edged past it to become the country’s fourth-biggest vehicle maker. Tata Motors ...",<b>Toyota overtakes Tata as No</b>. 4 in <b>February</b> sales,https://timesofindia.indiatimes.com/business/india-business/Toyota-overtakes-Tata-as-No-4-in-February-sales/articleshow/18759571.cms,Times of India,2013-03-02T09:42:00.0000000Z
0,"May you enjoy an abundance of savings and prosperity this Chinese New Year with Malaysia famous cars brand sale amazing deals! Featuring Perodua, Honda, Proton and <b>Toyota</b> cars up to RM15,888 discount !","Perodua, Honda, Proton &amp; <b>Toyota</b> CNY <b>February</b> Rebate Promotion 2018",https://malaysiafreebies.com/perodua-honda-proton-toyota-cny-february-rebate-promotion-2018/,Malaysia Freebies,2018-02-01T00:00:00.0000000Z
1,"<b>February</b> sales record for TCI and TCI hybrids Fourteenth straight monthly record for TCI truck sales and seventeenth straight for Lexus TORONTO, March 1, 2016 /CNW/ - <b>Toyota</b> Canada Inc. (TCI) sold 14,284 <b>Toyota</b>, Scion and Lexus vehicles in <b>February</b>, up 9.9 ...",<b>Toyota Canada Inc. Reports February Sales Results</b>,https://www.newswire.ca/news-releases/toyota-canada-inc-reports-february-sales-results-570682431.html,Newswire,2016-03-01T19:18:00.0000000Z
2,"HOLDEN’S Commodore reclaimed the title of Australia&#39;s best-selling car after a three-month hiatus in <b>February</b>, when the Australian new-vehicle market continued to be soft at least in terms of passenger car sales - which were down five per cent month-on ...",Commodore back on top <b>as Toyota falters in February</b>,https://www.goauto.com.au/news/vfacts/sales-2011/commodore-back-on-top-as-toyota-falters-in-february/2011-03-03/24174.html,GoAuto,2011-03-03T00:00:00.0000000Z
3,"<b>Toyota</b> even considered a Corolla recall in <b>February</b> after complaints about power steering problems. In all, <b>Toyota</b> was forced to recall nearly nine million vehicles-more than its entire worldwide sales last year. Company officials estimated that the ...",<b>Toyota’s Total Recall</b>,http://www.rmmagazine.com/2010/04/01/toyotas-total-recall/,Risk Management,2010-04-01T16:06:00.0000000Z
4,"A massive drop in registration of new cars as rental vehicles has had a big impact on passenger car popularity in <b>February</b>. In January, it was the <b>Toyota</b> Corolla that was easily the most popular passenger car, achieving a total of 958 sales - with 696 of ...",<b>Toyota</b> rental sales plummet; Suzuki Swift soars into lead as <b>February</b> figures revealed,https://www.stuff.co.nz/motoring/101960097/Toyota-rental-sales-plummet-Suzuki-Swift-soars-into-lead-as-February-figures-revealed,Stuff.co.nz,2018-03-05T00:00:00.0000000Z
5,"<b>Toyota</b> Kirloskar Motor sold a total of 11,215 units in the month of <b>February</b> 2016. TKM sold 10,312 units in the domestic market &amp; exported 903 units of the Etios series clocking a total of 11,215 units in <b>February</b> 2016. The company sold a total of 11, 802 ...","<b>Toyota</b> sells 11,215 cars <b>in February 2016; Camry Hybrid records</b> 90% YoY growth;",https://blog.gaadikey.com/toyota-sells-11215-cars-in-february-2016-camry-hybrid-records-90-yoy-growth/,blog.gaadikey.com,2016-03-02T00:00:00.0000000Z
6,Any car that sells 40 million around the world must have something going for it apart from affordability. There are lots of cars out there that may seem like a bargain but once driven for a few weeks you realise that in most cases you get exactly what you ...,Car of the <b>week: February 6th - Toyota</b> Corolla 2014,https://uk.news.yahoo.com/car-week-february-6th-toyota-151800996.html,Yahoo!,2014-04-30T18:29:00.0000000Z
7,"More than 16,000 newer model <b>Toyota</b> and Lexus vehicles are being recalled due to a risk that the braking system actuator may have been equipped with damaged O-rings, resulting in improper brake fluid pressure that could lead to the loss of vehicle control ...","<b>Toyota</b>, Lexus <b>Recall Issued Over Brake Problems That Could Cause</b> Crash",https://www.aboutlawsuits.com/toyota-lexus-brake-recall-99756/,Aboutlawsuits.com,2016-04-26T15:05:00.0000000Z
8,"NEW DELHI: Months after losing the No. 3 spot among passenger carmakers in India, Tata Motors slipped further to the fifth position last month, as Japan’s <b>Toyota</b> Motor Corp edged past it to become the country’s fourth-biggest vehicle maker. Tata Motors ...",<b>Toyota overtakes Tata as No</b>. 4 in <b>February</b> sales,https://timesofindia.indiatimes.com/business/india-business/Toyota-overtakes-Tata-as-No-4-in-February-sales/articleshow/18759571.cms,Times of India,2013-03-02T09:42:00.0000000Z
0,"May you enjoy an abundance of savings and prosperity this Chinese New Year with Malaysia famous cars brand sale amazing deals! Featuring Perodua, Honda, Proton and <b>Toyota</b> cars up to RM15,888 discount !","Perodua, Honda, Proton &amp; <b>Toyota</b> CNY <b>February</b> Rebate Promotion 2018",https://malaysiafreebies.com/perodua-honda-proton-toyota-cny-february-rebate-promotion-2018/,Malaysia Freebies,2018-02-01T00:00:00.0000000Z
1,"<b>February</b> sales record for TCI and TCI hybrids Fourteenth straight monthly record for TCI truck sales and seventeenth straight for Lexus TORONTO, March 1, 2016 /CNW/ - <b>Toyota</b> Canada Inc. (TCI) sold 14,284 <b>Toyota</b>, Scion and Lexus vehicles in <b>February</b>, up 9.9 ...",<b>Toyota Canada Inc. Reports February Sales Results</b>,https://www.newswire.ca/news-releases/toyota-canada-inc-reports-february-sales-results-570682431.html,Newswire,2016-03-01T19:18:00.0000000Z
2,"HOLDEN’S Commodore reclaimed the title of Australia&#39;s best-selling car after a three-month hiatus in <b>February</b>, when the Australian new-vehicle market continued to be soft at least in terms of passenger car sales - which were down five per cent month-on ...",Commodore back on top <b>as Toyota falters in February</b>,https://www.goauto.com.au/news/vfacts/sales-2011/commodore-back-on-top-as-toyota-falters-in-february/2011-03-03/24174.html,GoAuto,2011-03-03T00:00:00.0000000Z
3,"<b>Toyota</b> even considered a Corolla recall in <b>February</b> after complaints about power steering problems. In all, <b>Toyota</b> was forced to recall nearly nine million vehicles-more than its entire worldwide sales last year. Company officials estimated that the ...",<b>Toyota’s Total Recall</b>,http://www.rmmagazine.com/2010/04/01/toyotas-total-recall/,Risk Management,2010-04-01T16:06:00.0000000Z
4,"A massive drop in registration of new cars as rental vehicles has had a big impact on passenger car popularity in <b>February</b>. In January, it was the <b>Toyota</b> Corolla that was easily the most popular passenger car, achieving a total of 958 sales - with 696 of ...",<b>Toyota</b> rental sales plummet; Suzuki Swift soars into lead as <b>February</b> figures revealed,https://www.stuff.co.nz/motoring/101960097/Toyota-rental-sales-plummet-Suzuki-Swift-soars-into-lead-as-February-figures-revealed,Stuff.co.nz,2018-03-05T00:00:00.0000000Z
5,"<b>Toyota</b> Kirloskar Motor sold a total of 11,215 units in the month of <b>February</b> 2016. TKM sold 10,312 units in the domestic market &amp; exported 903 units of the Etios series clocking a total of 11,215 units in <b>February</b> 2016. The company sold a total of 11, 802 ...","<b>Toyota</b> sells 11,215 cars <b>in February 2016; Camry Hybrid records</b> 90% YoY growth;",https://blog.gaadikey.com/toyota-sells-11215-cars-in-february-2016-camry-hybrid-records-90-yoy-growth/,blog.gaadikey.com,2016-03-02T00:00:00.0000000Z
6,Any car that sells 40 million around the world must have something going for it apart from affordability. There are lots of cars out there that may seem like a bargain but once driven for a few weeks you realise that in most cases you get exactly what you ...,Car of the <b>week: February 6th - Toyota</b> Corolla 2014,https://uk.news.yahoo.com/car-week-february-6th-toyota-151800996.html,Yahoo!,2014-04-30T18:29:00.0000000Z
7,"More than 16,000 newer model <b>Toyota</b> and Lexus vehicles are being recalled due to a risk that the braking system actuator may have been equipped with damaged O-rings, resulting in improper brake fluid pressure that could lead to the loss of vehicle control ...","<b>Toyota</b>, Lexus <b>Recall Issued Over Brake Problems That Could Cause</b> Crash",https://www.aboutlawsuits.com/toyota-lexus-brake-recall-99756/,Aboutlawsuits.com,2016-04-26T15:05:00.0000000Z
8,"NEW DELHI: Months after losing the No. 3 spot among passenger carmakers in India, Tata Motors slipped further to the fifth position last month, as Japan’s <b>Toyota</b> Motor Corp edged past it to become the country’s fourth-biggest vehicle maker. Tata Motors ...",<b>Toyota overtakes Tata as No</b>. 4 in <b>February</b> sales,https://timesofindia.indiatimes.com/business/india-business/Toyota-overtakes-Tata-as-No-4-in-February-sales/articleshow/18759571.cms,Times of India,2013-03-02T09:42:00.0000000Z
